dataset,count,avg_mtp_avg_token_per_step,avg_accepted_draft_tokens_per_step,avg_mtp_avg_verify_tokens_per_step,min_mtp_avg_token_per_step,max_mtp_avg_token_per_step,min_mtp_avg_verify_tokens_per_step,max_mtp_avg_verify_tokens_per_step
drop,100,2.234281461108142,1.2342814611081445,4.005657601034063,1.8285714285714285,2.723404255319149,3.9183673469387754,4.166666666666667
openbookqa,100,2.1823840045375476,1.182384004537548,3.9804949599503545,1.8823529411764706,2.6122448979591835,3.9245283018867925,4.163265306122449
pubmedqa,100,2.239484515599939,1.239484515599942,4.000434377096314,1.8285714285714285,2.6666666666666665,3.9166666666666665,4.166666666666667
qasc,100,2.191924930903752,1.1919249309037534,4.002737530953038,1.7066666666666668,2.6122448979591835,3.9245283018867925,4.150943396226415
quartz,100,2.1910324880767447,1.1910324880767469,3.977925686726279,1.8823529411764706,2.5098039215686274,3.9215686274509802,4.1568627450980395
sciq,100,2.203617098329637,1.2036170983296386,3.9889098248743267,1.7534246575342465,2.723404255319149,3.9215686274509802,4.153846153846154
truthfulqa,100,2.047067623081882,1.047067623081883,3.9913316543656463,1.6842105263157894,2.4150943396226414,3.9245283018867925,4.150943396226415
